number,value,datetime_start,datetime_complete,duration,params_batch_size,params_colnorm_thresh,params_dist1,params_iseed,params_l2_penalty_choice,params_l2_penalty_nz,params_lr,params_lr_anneal_start,params_nhid1,params_pca_energy,params_preproc,params_scale_heur1,params_scale_mult1,params_squash,system_attrs_grid_id,system_attrs_search_space,state
0,0.5037903587023417,2025-08-19 22:48:39.495726,2025-08-19 22:49:28.777474,0 days 00:00:49.281748,100,,uniform,6,nz,0.0001,0.01,5000,64,,raw,Glorot,,logistic,0,"{'batch_size': [20, 100], 'colnorm_thresh': [1e-09, 1e-06, 0.001], 'dist1': ['uniform', 'normal'], 'iseed': [5, 6, 7, 8], 'l2_penalty_choice': ['zero', 'nz'], 'l2_penalty_nz': [1e-06, 0.0001, 0.01], 'lr': [0.001, 0.003, 0.01, 0.03], 'lr_anneal_start': [100, 1000, 5000], 'nhid1': [64, 128, 256, 512], 'pca_energy': [0.7, 0.85, 0.95, 0.99], 'preproc': ['raw', 'colnorm', 'pca'], 'scale_heur1': ['old', 'Glorot'], 'scale_mult1': [0.5, 1.0, 1.5, 2.0], 'squash': ['tanh', 'logistic']}",COMPLETE
1,0.5003710488478342,2025-08-19 22:49:28.778431,2025-08-19 22:51:20.224161,0 days 00:01:51.445730,100,,normal,7,zero,,0.003,5000,64,0.99,pca,old,2.0,logistic,1,"{'batch_size': [20, 100], 'colnorm_thresh': [1e-09, 1e-06, 0.001], 'dist1': ['uniform', 'normal'], 'iseed': [5, 6, 7, 8], 'l2_penalty_choice': ['zero', 'nz'], 'l2_penalty_nz': [1e-06, 0.0001, 0.01], 'lr': [0.001, 0.003, 0.01, 0.03], 'lr_anneal_start': [100, 1000, 5000], 'nhid1': [64, 128, 256, 512], 'pca_energy': [0.7, 0.85, 0.95, 0.99], 'preproc': ['raw', 'colnorm', 'pca'], 'scale_heur1': ['old', 'Glorot'], 'scale_mult1': [0.5, 1.0, 1.5, 2.0], 'squash': ['tanh', 'logistic']}",COMPLETE
2,0.4140483538309733,2025-08-19 22:51:20.224817,2025-08-19 22:53:08.564173,0 days 00:01:48.339356,100,,uniform,6,zero,,0.001,1000,128,0.99,pca,old,1.0,tanh,2,"{'batch_size': [20, 100], 'colnorm_thresh': [1e-09, 1e-06, 0.001], 'dist1': ['uniform', 'normal'], 'iseed': [5, 6, 7, 8], 'l2_penalty_choice': ['zero', 'nz'], 'l2_penalty_nz': [1e-06, 0.0001, 0.01], 'lr': [0.001, 0.003, 0.01, 0.03], 'lr_anneal_start': [100, 1000, 5000], 'nhid1': [64, 128, 256, 512], 'pca_energy': [0.7, 0.85, 0.95, 0.99], 'preproc': ['raw', 'colnorm', 'pca'], 'scale_heur1': ['old', 'Glorot'], 'scale_mult1': [0.5, 1.0, 1.5, 2.0], 'squash': ['tanh', 'logistic']}",COMPLETE
3,0.6190484166145325,2025-08-19 22:53:08.576799,2025-08-19 22:55:00.704084,0 days 00:01:52.127285,100,,uniform,6,nz,1e-06,0.003,5000,512,0.85,pca,old,1.0,tanh,3,"{'batch_size': [20, 100], 'colnorm_thresh': [1e-09, 1e-06, 0.001], 'dist1': ['uniform', 'normal'], 'iseed': [5, 6, 7, 8], 'l2_penalty_choice': ['zero', 'nz'], 'l2_penalty_nz': [1e-06, 0.0001, 0.01], 'lr': [0.001, 0.003, 0.01, 0.03], 'lr_anneal_start': [100, 1000, 5000], 'nhid1': [64, 128, 256, 512], 'pca_energy': [0.7, 0.85, 0.95, 0.99], 'preproc': ['raw', 'colnorm', 'pca'], 'scale_heur1': ['old', 'Glorot'], 'scale_mult1': [0.5, 1.0, 1.5, 2.0], 'squash': ['tanh', 'logistic']}",COMPLETE
4,0.6285968621571859,2025-08-19 22:55:00.708061,2025-08-19 22:59:51.686733,0 days 00:04:50.978672,20,,uniform,5,zero,,0.01,5000,256,0.7,pca,Glorot,,logistic,4,"{'batch_size': [20, 100], 'colnorm_thresh': [1e-09, 1e-06, 0.001], 'dist1': ['uniform', 'normal'], 'iseed': [5, 6, 7, 8], 'l2_penalty_choice': ['zero', 'nz'], 'l2_penalty_nz': [1e-06, 0.0001, 0.01], 'lr': [0.001, 0.003, 0.01, 0.03], 'lr_anneal_start': [100, 1000, 5000], 'nhid1': [64, 128, 256, 512], 'pca_energy': [0.7, 0.85, 0.95, 0.99], 'preproc': ['raw', 'colnorm', 'pca'], 'scale_heur1': ['old', 'Glorot'], 'scale_mult1': [0.5, 1.0, 1.5, 2.0], 'squash': ['tanh', 'logistic']}",COMPLETE
5,0.5860644578933716,2025-08-19 22:59:51.687457,2025-08-19 23:01:39.625202,0 days 00:01:47.937745,100,,normal,7,zero,,0.01,5000,256,0.7,pca,old,1.0,logistic,5,"{'batch_size': [20, 100], 'colnorm_thresh': [1e-09, 1e-06, 0.001], 'dist1': ['uniform', 'normal'], 'iseed': [5, 6, 7, 8], 'l2_penalty_choice': ['zero', 'nz'], 'l2_penalty_nz': [1e-06, 0.0001, 0.01], 'lr': [0.001, 0.003, 0.01, 0.03], 'lr_anneal_start': [100, 1000, 5000], 'nhid1': [64, 128, 256, 512], 'pca_energy': [0.7, 0.85, 0.95, 0.99], 'preproc': ['raw', 'colnorm', 'pca'], 'scale_heur1': ['old', 'Glorot'], 'scale_mult1': [0.5, 1.0, 1.5, 2.0], 'squash': ['tanh', 'logistic']}",COMPLETE
6,0.288564532995224,2025-08-19 23:01:39.626350,2025-08-19 23:02:24.418629,0 days 00:00:44.792279,100,,normal,7,zero,,0.001,5000,256,,raw,old,1.0,logistic,6,"{'batch_size': [20, 100], 'colnorm_thresh': [1e-09, 1e-06, 0.001], 'dist1': ['uniform', 'normal'], 'iseed': [5, 6, 7, 8], 'l2_penalty_choice': ['zero', 'nz'], 'l2_penalty_nz': [1e-06, 0.0001, 0.01], 'lr': [0.001, 0.003, 0.01, 0.03], 'lr_anneal_start': [100, 1000, 5000], 'nhid1': [64, 128, 256, 512], 'pca_energy': [0.7, 0.85, 0.95, 0.99], 'preproc': ['raw', 'colnorm', 'pca'], 'scale_heur1': ['old', 'Glorot'], 'scale_mult1': [0.5, 1.0, 1.5, 2.0], 'squash': ['tanh', 'logistic']}",COMPLETE
7,0.33514511585235596,2025-08-19 23:02:24.419159,2025-08-19 23:04:14.582583,0 days 00:01:50.163424,100,,uniform,5,zero,,0.001,100,128,0.7,pca,Glorot,,tanh,7,"{'batch_size': [20, 100], 'colnorm_thresh': [1e-09, 1e-06, 0.001], 'dist1': ['uniform', 'normal'], 'iseed': [5, 6, 7, 8], 'l2_penalty_choice': ['zero', 'nz'], 'l2_penalty_nz': [1e-06, 0.0001, 0.01], 'lr': [0.001, 0.003, 0.01, 0.03], 'lr_anneal_start': [100, 1000, 5000], 'nhid1': [64, 128, 256, 512], 'pca_energy': [0.7, 0.85, 0.95, 0.99], 'preproc': ['raw', 'colnorm', 'pca'], 'scale_heur1': ['old', 'Glorot'], 'scale_mult1': [0.5, 1.0, 1.5, 2.0], 'squash': ['tanh', 'logistic']}",COMPLETE
8,0.5303548773129781,2025-08-19 23:04:14.583133,2025-08-19 23:07:53.824290,0 days 00:03:39.241157,20,,uniform,8,zero,,0.01,1000,64,,raw,old,1.0,tanh,8,"{'batch_size': [20, 100], 'colnorm_thresh': [1e-09, 1e-06, 0.001], 'dist1': ['uniform', 'normal'], 'iseed': [5, 6, 7, 8], 'l2_penalty_choice': ['zero', 'nz'], 'l2_penalty_nz': [1e-06, 0.0001, 0.01], 'lr': [0.001, 0.003, 0.01, 0.03], 'lr_anneal_start': [100, 1000, 5000], 'nhid1': [64, 128, 256, 512], 'pca_energy': [0.7, 0.85, 0.95, 0.99], 'preproc': ['raw', 'colnorm', 'pca'], 'scale_heur1': ['old', 'Glorot'], 'scale_mult1': [0.5, 1.0, 1.5, 2.0], 'squash': ['tanh', 'logistic']}",COMPLETE
9,0.525499959786733,2025-08-19 23:07:53.825023,2025-08-19 23:12:52.271211,0 days 00:04:58.446188,20,,normal,6,nz,0.01,0.01,100,512,0.85,pca,Glorot,,tanh,9,"{'batch_size': [20, 100], 'colnorm_thresh': [1e-09, 1e-06, 0.001], 'dist1': ['uniform', 'normal'], 'iseed': [5, 6, 7, 8], 'l2_penalty_choice': ['zero', 'nz'], 'l2_penalty_nz': [1e-06, 0.0001, 0.01], 'lr': [0.001, 0.003, 0.01, 0.03], 'lr_anneal_start': [100, 1000, 5000], 'nhid1': [64, 128, 256, 512], 'pca_energy': [0.7, 0.85, 0.95, 0.99], 'preproc': ['raw', 'colnorm', 'pca'], 'scale_heur1': ['old', 'Glorot'], 'scale_mult1': [0.5, 1.0, 1.5, 2.0], 'squash': ['tanh', 'logistic']}",COMPLETE
10,0.433419128259023,2025-08-19 23:12:52.271837,2025-08-19 23:13:40.702834,0 days 00:00:48.430997,100,1e-06,uniform,7,nz,0.0001,0.03,100,64,,colnorm,Glorot,,logistic,10,"{'batch_size': [20, 100], 'colnorm_thresh': [1e-09, 1e-06, 0.001], 'dist1': ['uniform', 'normal'], 'iseed': [5, 6, 7, 8], 'l2_penalty_choice': ['zero', 'nz'], 'l2_penalty_nz': [1e-06, 0.0001, 0.01], 'lr': [0.001, 0.003, 0.01, 0.03], 'lr_anneal_start': [100, 1000, 5000], 'nhid1': [64, 128, 256, 512], 'pca_energy': [0.7, 0.85, 0.95, 0.99], 'preproc': ['raw', 'colnorm', 'pca'], 'scale_heur1': ['old', 'Glorot'], 'scale_mult1': [0.5, 1.0, 1.5, 2.0], 'squash': ['tanh', 'logistic']}",COMPLETE
11,0.3082578976949056,2025-08-19 23:13:40.703098,2025-08-19 23:17:34.356786,0 days 00:03:53.653688,20,1e-09,uniform,8,nz,1e-06,0.003,100,64,,colnorm,old,1.0,tanh,11,"{'batch_size': [20, 100], 'colnorm_thresh': [1e-09, 1e-06, 0.001], 'dist1': ['uniform', 'normal'], 'iseed': [5, 6, 7, 8], 'l2_penalty_choice': ['zero', 'nz'], 'l2_penalty_nz': [1e-06, 0.0001, 0.01], 'lr': [0.001, 0.003, 0.01, 0.03], 'lr_anneal_start': [100, 1000, 5000], 'nhid1': [64, 128, 256, 512], 'pca_energy': [0.7, 0.85, 0.95, 0.99], 'preproc': ['raw', 'colnorm', 'pca'], 'scale_heur1': ['old', 'Glorot'], 'scale_mult1': [0.5, 1.0, 1.5, 2.0], 'squash': ['tanh', 'logistic']}",COMPLETE
12,0.489661306142807,2025-08-19 23:17:34.357933,2025-08-19 23:21:08.666239,0 days 00:03:34.308306,20,1e-06,uniform,7,zero,,0.03,100,128,,colnorm,old,2.0,logistic,12,"{'batch_size': [20, 100], 'colnorm_thresh': [1e-09, 1e-06, 0.001], 'dist1': ['uniform', 'normal'], 'iseed': [5, 6, 7, 8], 'l2_penalty_choice': ['zero', 'nz'], 'l2_penalty_nz': [1e-06, 0.0001, 0.01], 'lr': [0.001, 0.003, 0.01, 0.03], 'lr_anneal_start': [100, 1000, 5000], 'nhid1': [64, 128, 256, 512], 'pca_energy': [0.7, 0.85, 0.95, 0.99], 'preproc': ['raw', 'colnorm', 'pca'], 'scale_heur1': ['old', 'Glorot'], 'scale_mult1': [0.5, 1.0, 1.5, 2.0], 'squash': ['tanh', 'logistic']}",COMPLETE
13,0.5181774298350016,2025-08-19 23:21:08.670151,2025-08-19 23:21:52.501887,0 days 00:00:43.831736,100,,normal,6,zero,,0.01,5000,128,,raw,Glorot,,logistic,13,"{'batch_size': [20, 100], 'colnorm_thresh': [1e-09, 1e-06, 0.001], 'dist1': ['uniform', 'normal'], 'iseed': [5, 6, 7, 8], 'l2_penalty_choice': ['zero', 'nz'], 'l2_penalty_nz': [1e-06, 0.0001, 0.01], 'lr': [0.001, 0.003, 0.01, 0.03], 'lr_anneal_start': [100, 1000, 5000], 'nhid1': [64, 128, 256, 512], 'pca_energy': [0.7, 0.85, 0.95, 0.99], 'preproc': ['raw', 'colnorm', 'pca'], 'scale_heur1': ['old', 'Glorot'], 'scale_mult1': [0.5, 1.0, 1.5, 2.0], 'squash': ['tanh', 'logistic']}",COMPLETE
14,0.27587098876635235,2025-08-19 23:21:52.502192,2025-08-19 23:22:36.008688,0 days 00:00:43.506496,100,,normal,8,zero,,0.001,5000,128,,raw,Glorot,,logistic,14,"{'batch_size': [20, 100], 'colnorm_thresh': [1e-09, 1e-06, 0.001], 'dist1': ['uniform', 'normal'], 'iseed': [5, 6, 7, 8], 'l2_penalty_choice': ['zero', 'nz'], 'l2_penalty_nz': [1e-06, 0.0001, 0.01], 'lr': [0.001, 0.003, 0.01, 0.03], 'lr_anneal_start': [100, 1000, 5000], 'nhid1': [64, 128, 256, 512], 'pca_energy': [0.7, 0.85, 0.95, 0.99], 'preproc': ['raw', 'colnorm', 'pca'], 'scale_heur1': ['old', 'Glorot'], 'scale_mult1': [0.5, 1.0, 1.5, 2.0], 'squash': ['tanh', 'logistic']}",COMPLETE
15,0.5471451878547668,2025-08-19 23:22:36.009149,2025-08-19 23:24:30.904726,0 days 00:01:54.895577,100,,normal,5,zero,,0.003,1000,512,0.7,pca,Glorot,,tanh,15,"{'batch_size': [20, 100], 'colnorm_thresh': [1e-09, 1e-06, 0.001], 'dist1': ['uniform', 'normal'], 'iseed': [5, 6, 7, 8], 'l2_penalty_choice': ['zero', 'nz'], 'l2_penalty_nz': [1e-06, 0.0001, 0.01], 'lr': [0.001, 0.003, 0.01, 0.03], 'lr_anneal_start': [100, 1000, 5000], 'nhid1': [64, 128, 256, 512], 'pca_energy': [0.7, 0.85, 0.95, 0.99], 'preproc': ['raw', 'colnorm', 'pca'], 'scale_heur1': ['old', 'Glorot'], 'scale_mult1': [0.5, 1.0, 1.5, 2.0], 'squash': ['tanh', 'logistic']}",COMPLETE
16,0.4648871123790741,2025-08-19 23:24:30.905281,2025-08-19 23:25:14.545139,0 days 00:00:43.639858,100,,uniform,5,zero,,0.001,1000,512,,raw,Glorot,,tanh,16,"{'batch_size': [20, 100], 'colnorm_thresh': [1e-09, 1e-06, 0.001], 'dist1': ['uniform', 'normal'], 'iseed': [5, 6, 7, 8], 'l2_penalty_choice': ['zero', 'nz'], 'l2_penalty_nz': [1e-06, 0.0001, 0.01], 'lr': [0.001, 0.003, 0.01, 0.03], 'lr_anneal_start': [100, 1000, 5000], 'nhid1': [64, 128, 256, 512], 'pca_energy': [0.7, 0.85, 0.95, 0.99], 'preproc': ['raw', 'colnorm', 'pca'], 'scale_heur1': ['old', 'Glorot'], 'scale_mult1': [0.5, 1.0, 1.5, 2.0], 'squash': ['tanh', 'logistic']}",COMPLETE
17,0.6894031961758932,2025-08-19 23:25:14.545731,2025-08-19 23:28:45.096767,0 days 00:03:30.551036,20,,uniform,7,zero,,0.03,1000,128,,raw,Glorot,,tanh,17,"{'batch_size': [20, 100], 'colnorm_thresh': [1e-09, 1e-06, 0.001], 'dist1': ['uniform', 'normal'], 'iseed': [5, 6, 7, 8], 'l2_penalty_choice': ['zero', 'nz'], 'l2_penalty_nz': [1e-06, 0.0001, 0.01], 'lr': [0.001, 0.003, 0.01, 0.03], 'lr_anneal_start': [100, 1000, 5000], 'nhid1': [64, 128, 256, 512], 'pca_energy': [0.7, 0.85, 0.95, 0.99], 'preproc': ['raw', 'colnorm', 'pca'], 'scale_heur1': ['old', 'Glorot'], 'scale_mult1': [0.5, 1.0, 1.5, 2.0], 'squash': ['tanh', 'logistic']}",COMPLETE
18,0.5532741149266561,2025-08-19 23:28:45.100940,2025-08-19 23:29:32.483652,0 days 00:00:47.382712,100,1e-09,uniform,6,nz,1e-06,0.03,1000,64,,colnorm,old,1.0,logistic,18,"{'batch_size': [20, 100], 'colnorm_thresh': [1e-09, 1e-06, 0.001], 'dist1': ['uniform', 'normal'], 'iseed': [5, 6, 7, 8], 'l2_penalty_choice': ['zero', 'nz'], 'l2_penalty_nz': [1e-06, 0.0001, 0.01], 'lr': [0.001, 0.003, 0.01, 0.03], 'lr_anneal_start': [100, 1000, 5000], 'nhid1': [64, 128, 256, 512], 'pca_energy': [0.7, 0.85, 0.95, 0.99], 'preproc': ['raw', 'colnorm', 'pca'], 'scale_heur1': ['old', 'Glorot'], 'scale_mult1': [0.5, 1.0, 1.5, 2.0], 'squash': ['tanh', 'logistic']}",COMPLETE
19,0.45235471924146015,2025-08-19 23:29:32.483989,2025-08-19 23:31:23.382300,0 days 00:01:50.898311,100,,normal,5,nz,0.01,0.003,100,512,0.85,pca,Glorot,,tanh,19,"{'batch_size': [20, 100], 'colnorm_thresh': [1e-09, 1e-06, 0.001], 'dist1': ['uniform', 'normal'], 'iseed': [5, 6, 7, 8], 'l2_penalty_choice': ['zero', 'nz'], 'l2_penalty_nz': [1e-06, 0.0001, 0.01], 'lr': [0.001, 0.003, 0.01, 0.03], 'lr_anneal_start': [100, 1000, 5000], 'nhid1': [64, 128, 256, 512], 'pca_energy': [0.7, 0.85, 0.95, 0.99], 'preproc': ['raw', 'colnorm', 'pca'], 'scale_heur1': ['old', 'Glorot'], 'scale_mult1': [0.5, 1.0, 1.5, 2.0], 'squash': ['tanh', 'logistic']}",COMPLETE
20,0.5687741637229919,2025-08-19 23:31:23.382894,2025-08-19 23:32:11.220082,0 days 00:00:47.837188,100,1e-09,uniform,6,nz,1e-06,0.03,1000,512,,colnorm,Glorot,,logistic,20,"{'batch_size': [20, 100], 'colnorm_thresh': [1e-09, 1e-06, 0.001], 'dist1': ['uniform', 'normal'], 'iseed': [5, 6, 7, 8], 'l2_penalty_choice': ['zero', 'nz'], 'l2_penalty_nz': [1e-06, 0.0001, 0.01], 'lr': [0.001, 0.003, 0.01, 0.03], 'lr_anneal_start': [100, 1000, 5000], 'nhid1': [64, 128, 256, 512], 'pca_energy': [0.7, 0.85, 0.95, 0.99], 'preproc': ['raw', 'colnorm', 'pca'], 'scale_heur1': ['old', 'Glorot'], 'scale_mult1': [0.5, 1.0, 1.5, 2.0], 'squash': ['tanh', 'logistic']}",COMPLETE
21,0.48583879073460895,2025-08-19 23:32:11.220633,2025-08-19 23:33:59.534876,0 days 00:01:48.314243,100,,normal,8,nz,0.01,0.001,1000,512,0.7,pca,old,1.5,logistic,21,"{'batch_size': [20, 100], 'colnorm_thresh': [1e-09, 1e-06, 0.001], 'dist1': ['uniform', 'normal'], 'iseed': [5, 6, 7, 8], 'l2_penalty_choice': ['zero', 'nz'], 'l2_penalty_nz': [1e-06, 0.0001, 0.01], 'lr': [0.001, 0.003, 0.01, 0.03], 'lr_anneal_start': [100, 1000, 5000], 'nhid1': [64, 128, 256, 512], 'pca_energy': [0.7, 0.85, 0.95, 0.99], 'preproc': ['raw', 'colnorm', 'pca'], 'scale_heur1': ['old', 'Glorot'], 'scale_mult1': [0.5, 1.0, 1.5, 2.0], 'squash': ['tanh', 'logistic']}",COMPLETE
22,0.6859032313028971,2025-08-19 23:33:59.535432,2025-08-19 23:37:28.417904,0 days 00:03:28.882472,20,,normal,6,zero,,0.03,1000,512,,raw,Glorot,,tanh,22,"{'batch_size': [20, 100], 'colnorm_thresh': [1e-09, 1e-06, 0.001], 'dist1': ['uniform', 'normal'], 'iseed': [5, 6, 7, 8], 'l2_penalty_choice': ['zero', 'nz'], 'l2_penalty_nz': [1e-06, 0.0001, 0.01], 'lr': [0.001, 0.003, 0.01, 0.03], 'lr_anneal_start': [100, 1000, 5000], 'nhid1': [64, 128, 256, 512], 'pca_energy': [0.7, 0.85, 0.95, 0.99], 'preproc': ['raw', 'colnorm', 'pca'], 'scale_heur1': ['old', 'Glorot'], 'scale_mult1': [0.5, 1.0, 1.5, 2.0], 'squash': ['tanh', 'logistic']}",COMPLETE
23,0.5853387316068014,2025-08-19 23:37:28.420498,2025-08-19 23:42:05.656068,0 days 00:04:37.235570,20,,uniform,7,zero,,0.03,1000,512,0.99,pca,old,2.0,logistic,23,"{'batch_size': [20, 100], 'colnorm_thresh': [1e-09, 1e-06, 0.001], 'dist1': ['uniform', 'normal'], 'iseed': [5, 6, 7, 8], 'l2_penalty_choice': ['zero', 'nz'], 'l2_penalty_nz': [1e-06, 0.0001, 0.01], 'lr': [0.001, 0.003, 0.01, 0.03], 'lr_anneal_start': [100, 1000, 5000], 'nhid1': [64, 128, 256, 512], 'pca_energy': [0.7, 0.85, 0.95, 0.99], 'preproc': ['raw', 'colnorm', 'pca'], 'scale_heur1': ['old', 'Glorot'], 'scale_mult1': [0.5, 1.0, 1.5, 2.0], 'squash': ['tanh', 'logistic']}",COMPLETE
24,0.5567419131596884,2025-08-19 23:42:05.661861,2025-08-19 23:43:54.738754,0 days 00:01:49.076893,100,,normal,8,nz,0.0001,0.003,5000,64,0.85,pca,Glorot,,tanh,24,"{'batch_size': [20, 100], 'colnorm_thresh': [1e-09, 1e-06, 0.001], 'dist1': ['uniform', 'normal'], 'iseed': [5, 6, 7, 8], 'l2_penalty_choice': ['zero', 'nz'], 'l2_penalty_nz': [1e-06, 0.0001, 0.01], 'lr': [0.001, 0.003, 0.01, 0.03], 'lr_anneal_start': [100, 1000, 5000], 'nhid1': [64, 128, 256, 512], 'pca_energy': [0.7, 0.85, 0.95, 0.99], 'preproc': ['raw', 'colnorm', 'pca'], 'scale_heur1': ['old', 'Glorot'], 'scale_mult1': [0.5, 1.0, 1.5, 2.0], 'squash': ['tanh', 'logistic']}",COMPLETE
25,0.4637741545836131,2025-08-19 23:43:54.739287,2025-08-19 23:44:39.773345,0 days 00:00:45.034058,100,,uniform,6,nz,0.0001,0.003,1000,512,,raw,old,0.5,tanh,25,"{'batch_size': [20, 100], 'colnorm_thresh': [1e-09, 1e-06, 0.001], 'dist1': ['uniform', 'normal'], 'iseed': [5, 6, 7, 8], 'l2_penalty_choice': ['zero', 'nz'], 'l2_penalty_nz': [1e-06, 0.0001, 0.01], 'lr': [0.001, 0.003, 0.01, 0.03], 'lr_anneal_start': [100, 1000, 5000], 'nhid1': [64, 128, 256, 512], 'pca_energy': [0.7, 0.85, 0.95, 0.99], 'preproc': ['raw', 'colnorm', 'pca'], 'scale_heur1': ['old', 'Glorot'], 'scale_mult1': [0.5, 1.0, 1.5, 2.0], 'squash': ['tanh', 'logistic']}",COMPLETE
26,0.27022571365038556,2025-08-19 23:44:39.773824,2025-08-19 23:45:24.769598,0 days 00:00:44.995774,100,,normal,6,nz,1e-06,0.003,100,512,,raw,old,2.0,logistic,26,"{'batch_size': [20, 100], 'colnorm_thresh': [1e-09, 1e-06, 0.001], 'dist1': ['uniform', 'normal'], 'iseed': [5, 6, 7, 8], 'l2_penalty_choice': ['zero', 'nz'], 'l2_penalty_nz': [1e-06, 0.0001, 0.01], 'lr': [0.001, 0.003, 0.01, 0.03], 'lr_anneal_start': [100, 1000, 5000], 'nhid1': [64, 128, 256, 512], 'pca_energy': [0.7, 0.85, 0.95, 0.99], 'preproc': ['raw', 'colnorm', 'pca'], 'scale_heur1': ['old', 'Glorot'], 'scale_mult1': [0.5, 1.0, 1.5, 2.0], 'squash': ['tanh', 'logistic']}",COMPLETE
27,0.38991949955622357,2025-08-19 23:45:24.769932,2025-08-19 23:46:09.072914,0 days 00:00:44.302982,100,0.001,normal,7,zero,,0.001,1000,256,,colnorm,old,2.0,logistic,27,"{'batch_size': [20, 100], 'colnorm_thresh': [1e-09, 1e-06, 0.001], 'dist1': ['uniform', 'normal'], 'iseed': [5, 6, 7, 8], 'l2_penalty_choice': ['zero', 'nz'], 'l2_penalty_nz': [1e-06, 0.0001, 0.01], 'lr': [0.001, 0.003, 0.01, 0.03], 'lr_anneal_start': [100, 1000, 5000], 'nhid1': [64, 128, 256, 512], 'pca_energy': [0.7, 0.85, 0.95, 0.99], 'preproc': ['raw', 'colnorm', 'pca'], 'scale_heur1': ['old', 'Glorot'], 'scale_mult1': [0.5, 1.0, 1.5, 2.0], 'squash': ['tanh', 'logistic']}",COMPLETE
28,0.458580623070399,2025-08-19 23:46:09.073447,2025-08-19 23:46:55.243862,0 days 00:00:46.170415,100,0.001,uniform,6,nz,0.01,0.003,1000,256,,colnorm,Glorot,,logistic,28,"{'batch_size': [20, 100], 'colnorm_thresh': [1e-09, 1e-06, 0.001], 'dist1': ['uniform', 'normal'], 'iseed': [5, 6, 7, 8], 'l2_penalty_choice': ['zero', 'nz'], 'l2_penalty_nz': [1e-06, 0.0001, 0.01], 'lr': [0.001, 0.003, 0.01, 0.03], 'lr_anneal_start': [100, 1000, 5000], 'nhid1': [64, 128, 256, 512], 'pca_energy': [0.7, 0.85, 0.95, 0.99], 'preproc': ['raw', 'colnorm', 'pca'], 'scale_heur1': ['old', 'Glorot'], 'scale_mult1': [0.5, 1.0, 1.5, 2.0], 'squash': ['tanh', 'logistic']}",COMPLETE
29,0.4128386080265045,2025-08-19 23:46:55.244372,2025-08-19 23:50:24.466626,0 days 00:03:29.222254,20,0.001,uniform,6,zero,,0.01,100,256,,colnorm,Glorot,,logistic,29,"{'batch_size': [20, 100], 'colnorm_thresh': [1e-09, 1e-06, 0.001], 'dist1': ['uniform', 'normal'], 'iseed': [5, 6, 7, 8], 'l2_penalty_choice': ['zero', 'nz'], 'l2_penalty_nz': [1e-06, 0.0001, 0.01], 'lr': [0.001, 0.003, 0.01, 0.03], 'lr_anneal_start': [100, 1000, 5000], 'nhid1': [64, 128, 256, 512], 'pca_energy': [0.7, 0.85, 0.95, 0.99], 'preproc': ['raw', 'colnorm', 'pca'], 'scale_heur1': ['old', 'Glorot'], 'scale_mult1': [0.5, 1.0, 1.5, 2.0], 'squash': ['tanh', 'logistic']}",COMPLETE
30,0.5699999729792277,2025-08-19 23:50:24.467145,2025-08-19 23:53:50.001333,0 days 00:03:25.534188,20,,uniform,5,zero,,0.03,5000,128,,raw,old,0.5,logistic,30,"{'batch_size': [20, 100], 'colnorm_thresh': [1e-09, 1e-06, 0.001], 'dist1': ['uniform', 'normal'], 'iseed': [5, 6, 7, 8], 'l2_penalty_choice': ['zero', 'nz'], 'l2_penalty_nz': [1e-06, 0.0001, 0.01], 'lr': [0.001, 0.003, 0.01, 0.03], 'lr_anneal_start': [100, 1000, 5000], 'nhid1': [64, 128, 256, 512], 'pca_energy': [0.7, 0.85, 0.95, 0.99], 'preproc': ['raw', 'colnorm', 'pca'], 'scale_heur1': ['old', 'Glorot'], 'scale_mult1': [0.5, 1.0, 1.5, 2.0], 'squash': ['tanh', 'logistic']}",COMPLETE
31,0.8835322260856628,2025-08-19 23:53:50.001841,2025-08-19 23:57:15.255467,0 days 00:03:25.253626,20,,normal,5,zero,,0.03,5000,512,,raw,old,1.5,tanh,31,"{'batch_size': [20, 100], 'colnorm_thresh': [1e-09, 1e-06, 0.001], 'dist1': ['uniform', 'normal'], 'iseed': [5, 6, 7, 8], 'l2_penalty_choice': ['zero', 'nz'], 'l2_penalty_nz': [1e-06, 0.0001, 0.01], 'lr': [0.001, 0.003, 0.01, 0.03], 'lr_anneal_start': [100, 1000, 5000], 'nhid1': [64, 128, 256, 512], 'pca_energy': [0.7, 0.85, 0.95, 0.99], 'preproc': ['raw', 'colnorm', 'pca'], 'scale_heur1': ['old', 'Glorot'], 'scale_mult1': [0.5, 1.0, 1.5, 2.0], 'squash': ['tanh', 'logistic']}",COMPLETE
32,0.5006128549575806,2025-08-19 23:57:15.255979,2025-08-20 00:00:42.035053,0 days 00:03:26.779074,20,,uniform,6,zero,,0.001,5000,128,,raw,old,2.0,tanh,32,"{'batch_size': [20, 100], 'colnorm_thresh': [1e-09, 1e-06, 0.001], 'dist1': ['uniform', 'normal'], 'iseed': [5, 6, 7, 8], 'l2_penalty_choice': ['zero', 'nz'], 'l2_penalty_nz': [1e-06, 0.0001, 0.01], 'lr': [0.001, 0.003, 0.01, 0.03], 'lr_anneal_start': [100, 1000, 5000], 'nhid1': [64, 128, 256, 512], 'pca_energy': [0.7, 0.85, 0.95, 0.99], 'preproc': ['raw', 'colnorm', 'pca'], 'scale_heur1': ['old', 'Glorot'], 'scale_mult1': [0.5, 1.0, 1.5, 2.0], 'squash': ['tanh', 'logistic']}",COMPLETE
33,0.3666128913561503,2025-08-20 00:00:42.035575,2025-08-20 00:04:21.646817,0 days 00:03:39.611242,20,,uniform,7,nz,1e-06,0.003,1000,256,,raw,Glorot,,logistic,33,"{'batch_size': [20, 100], 'colnorm_thresh': [1e-09, 1e-06, 0.001], 'dist1': ['uniform', 'normal'], 'iseed': [5, 6, 7, 8], 'l2_penalty_choice': ['zero', 'nz'], 'l2_penalty_nz': [1e-06, 0.0001, 0.01], 'lr': [0.001, 0.003, 0.01, 0.03], 'lr_anneal_start': [100, 1000, 5000], 'nhid1': [64, 128, 256, 512], 'pca_energy': [0.7, 0.85, 0.95, 0.99], 'preproc': ['raw', 'colnorm', 'pca'], 'scale_heur1': ['old', 'Glorot'], 'scale_mult1': [0.5, 1.0, 1.5, 2.0], 'squash': ['tanh', 'logistic']}",COMPLETE
34,0.5954675873120626,2025-08-20 00:04:21.647305,2025-08-20 00:05:06.492538,0 days 00:00:44.845233,100,,normal,6,nz,0.0001,0.01,5000,64,,raw,Glorot,,tanh,34,"{'batch_size': [20, 100], 'colnorm_thresh': [1e-09, 1e-06, 0.001], 'dist1': ['uniform', 'normal'], 'iseed': [5, 6, 7, 8], 'l2_penalty_choice': ['zero', 'nz'], 'l2_penalty_nz': [1e-06, 0.0001, 0.01], 'lr': [0.001, 0.003, 0.01, 0.03], 'lr_anneal_start': [100, 1000, 5000], 'nhid1': [64, 128, 256, 512], 'pca_energy': [0.7, 0.85, 0.95, 0.99], 'preproc': ['raw', 'colnorm', 'pca'], 'scale_heur1': ['old', 'Glorot'], 'scale_mult1': [0.5, 1.0, 1.5, 2.0], 'squash': ['tanh', 'logistic']}",COMPLETE
35,0.5742418964703878,2025-08-20 00:05:06.493034,2025-08-20 00:09:50.052656,0 days 00:04:43.559622,20,,uniform,8,nz,1e-06,0.001,5000,512,0.7,pca,Glorot,,tanh,35,"{'batch_size': [20, 100], 'colnorm_thresh': [1e-09, 1e-06, 0.001], 'dist1': ['uniform', 'normal'], 'iseed': [5, 6, 7, 8], 'l2_penalty_choice': ['zero', 'nz'], 'l2_penalty_nz': [1e-06, 0.0001, 0.01], 'lr': [0.001, 0.003, 0.01, 0.03], 'lr_anneal_start': [100, 1000, 5000], 'nhid1': [64, 128, 256, 512], 'pca_energy': [0.7, 0.85, 0.95, 0.99], 'preproc': ['raw', 'colnorm', 'pca'], 'scale_heur1': ['old', 'Glorot'], 'scale_mult1': [0.5, 1.0, 1.5, 2.0], 'squash': ['tanh', 'logistic']}",COMPLETE
36,0.7268870870272318,2025-08-20 00:09:50.053149,2025-08-20 00:14:39.753307,0 days 00:04:49.700158,20,,normal,6,nz,0.0001,0.03,1000,128,0.7,pca,old,1.5,tanh,36,"{'batch_size': [20, 100], 'colnorm_thresh': [1e-09, 1e-06, 0.001], 'dist1': ['uniform', 'normal'], 'iseed': [5, 6, 7, 8], 'l2_penalty_choice': ['zero', 'nz'], 'l2_penalty_nz': [1e-06, 0.0001, 0.01], 'lr': [0.001, 0.003, 0.01, 0.03], 'lr_anneal_start': [100, 1000, 5000], 'nhid1': [64, 128, 256, 512], 'pca_energy': [0.7, 0.85, 0.95, 0.99], 'preproc': ['raw', 'colnorm', 'pca'], 'scale_heur1': ['old', 'Glorot'], 'scale_mult1': [0.5, 1.0, 1.5, 2.0], 'squash': ['tanh', 'logistic']}",COMPLETE
37,0.37867724895477295,2025-08-20 00:14:39.758757,2025-08-20 00:18:20.649982,0 days 00:03:40.891225,20,0.001,normal,7,nz,1e-06,0.01,100,512,,colnorm,old,0.5,logistic,37,"{'batch_size': [20, 100], 'colnorm_thresh': [1e-09, 1e-06, 0.001], 'dist1': ['uniform', 'normal'], 'iseed': [5, 6, 7, 8], 'l2_penalty_choice': ['zero', 'nz'], 'l2_penalty_nz': [1e-06, 0.0001, 0.01], 'lr': [0.001, 0.003, 0.01, 0.03], 'lr_anneal_start': [100, 1000, 5000], 'nhid1': [64, 128, 256, 512], 'pca_energy': [0.7, 0.85, 0.95, 0.99], 'preproc': ['raw', 'colnorm', 'pca'], 'scale_heur1': ['old', 'Glorot'], 'scale_mult1': [0.5, 1.0, 1.5, 2.0], 'squash': ['tanh', 'logistic']}",COMPLETE
38,0.5303548574447632,2025-08-20 00:18:20.650520,2025-08-20 00:21:43.608063,0 days 00:03:22.957543,20,,normal,7,zero,,0.03,1000,128,,raw,Glorot,,logistic,38,"{'batch_size': [20, 100], 'colnorm_thresh': [1e-09, 1e-06, 0.001], 'dist1': ['uniform', 'normal'], 'iseed': [5, 6, 7, 8], 'l2_penalty_choice': ['zero', 'nz'], 'l2_penalty_nz': [1e-06, 0.0001, 0.01], 'lr': [0.001, 0.003, 0.01, 0.03], 'lr_anneal_start': [100, 1000, 5000], 'nhid1': [64, 128, 256, 512], 'pca_energy': [0.7, 0.85, 0.95, 0.99], 'preproc': ['raw', 'colnorm', 'pca'], 'scale_heur1': ['old', 'Glorot'], 'scale_mult1': [0.5, 1.0, 1.5, 2.0], 'squash': ['tanh', 'logistic']}",COMPLETE
39,0.3965644836425781,2025-08-20 00:21:43.608539,2025-08-20 00:25:11.873757,0 days 00:03:28.265218,20,0.001,uniform,6,zero,,0.003,1000,128,,colnorm,old,0.5,logistic,39,"{'batch_size': [20, 100], 'colnorm_thresh': [1e-09, 1e-06, 0.001], 'dist1': ['uniform', 'normal'], 'iseed': [5, 6, 7, 8], 'l2_penalty_choice': ['zero', 'nz'], 'l2_penalty_nz': [1e-06, 0.0001, 0.01], 'lr': [0.001, 0.003, 0.01, 0.03], 'lr_anneal_start': [100, 1000, 5000], 'nhid1': [64, 128, 256, 512], 'pca_energy': [0.7, 0.85, 0.95, 0.99], 'preproc': ['raw', 'colnorm', 'pca'], 'scale_heur1': ['old', 'Glorot'], 'scale_mult1': [0.5, 1.0, 1.5, 2.0], 'squash': ['tanh', 'logistic']}",COMPLETE
40,0.5804032286008199,2025-08-20 00:25:11.879601,2025-08-20 00:28:37.641528,0 days 00:03:25.761927,20,0.001,uniform,5,zero,,0.03,1000,512,,colnorm,Glorot,,logistic,40,"{'batch_size': [20, 100], 'colnorm_thresh': [1e-09, 1e-06, 0.001], 'dist1': ['uniform', 'normal'], 'iseed': [5, 6, 7, 8], 'l2_penalty_choice': ['zero', 'nz'], 'l2_penalty_nz': [1e-06, 0.0001, 0.01], 'lr': [0.001, 0.003, 0.01, 0.03], 'lr_anneal_start': [100, 1000, 5000], 'nhid1': [64, 128, 256, 512], 'pca_energy': [0.7, 0.85, 0.95, 0.99], 'preproc': ['raw', 'colnorm', 'pca'], 'scale_heur1': ['old', 'Glorot'], 'scale_mult1': [0.5, 1.0, 1.5, 2.0], 'squash': ['tanh', 'logistic']}",COMPLETE
41,0.5878064235051473,2025-08-20 00:28:37.646241,2025-08-20 00:29:23.380063,0 days 00:00:45.733822,100,0.001,normal,8,nz,1e-06,0.01,1000,256,,colnorm,Glorot,,tanh,41,"{'batch_size': [20, 100], 'colnorm_thresh': [1e-09, 1e-06, 0.001], 'dist1': ['uniform', 'normal'], 'iseed': [5, 6, 7, 8], 'l2_penalty_choice': ['zero', 'nz'], 'l2_penalty_nz': [1e-06, 0.0001, 0.01], 'lr': [0.001, 0.003, 0.01, 0.03], 'lr_anneal_start': [100, 1000, 5000], 'nhid1': [64, 128, 256, 512], 'pca_energy': [0.7, 0.85, 0.95, 0.99], 'preproc': ['raw', 'colnorm', 'pca'], 'scale_heur1': ['old', 'Glorot'], 'scale_mult1': [0.5, 1.0, 1.5, 2.0], 'squash': ['tanh', 'logistic']}",COMPLETE
42,0.5046451489130656,2025-08-20 00:29:23.380327,2025-08-20 00:31:08.750901,0 days 00:01:45.370574,100,,normal,7,zero,,0.03,100,256,0.7,pca,old,0.5,logistic,42,"{'batch_size': [20, 100], 'colnorm_thresh': [1e-09, 1e-06, 0.001], 'dist1': ['uniform', 'normal'], 'iseed': [5, 6, 7, 8], 'l2_penalty_choice': ['zero', 'nz'], 'l2_penalty_nz': [1e-06, 0.0001, 0.01], 'lr': [0.001, 0.003, 0.01, 0.03], 'lr_anneal_start': [100, 1000, 5000], 'nhid1': [64, 128, 256, 512], 'pca_energy': [0.7, 0.85, 0.95, 0.99], 'preproc': ['raw', 'colnorm', 'pca'], 'scale_heur1': ['old', 'Glorot'], 'scale_mult1': [0.5, 1.0, 1.5, 2.0], 'squash': ['tanh', 'logistic']}",COMPLETE
43,0.29158057769139606,2025-08-20 00:31:08.755519,2025-08-20 00:34:50.159566,0 days 00:03:41.404047,20,,uniform,6,nz,1e-06,0.03,100,64,,raw,old,2.0,logistic,43,"{'batch_size': [20, 100], 'colnorm_thresh': [1e-09, 1e-06, 0.001], 'dist1': ['uniform', 'normal'], 'iseed': [5, 6, 7, 8], 'l2_penalty_choice': ['zero', 'nz'], 'l2_penalty_nz': [1e-06, 0.0001, 0.01], 'lr': [0.001, 0.003, 0.01, 0.03], 'lr_anneal_start': [100, 1000, 5000], 'nhid1': [64, 128, 256, 512], 'pca_energy': [0.7, 0.85, 0.95, 0.99], 'preproc': ['raw', 'colnorm', 'pca'], 'scale_heur1': ['old', 'Glorot'], 'scale_mult1': [0.5, 1.0, 1.5, 2.0], 'squash': ['tanh', 'logistic']}",COMPLETE
44,0.34180623292922974,2025-08-20 00:34:50.165838,2025-08-20 00:38:17.229855,0 days 00:03:27.064017,20,1e-09,normal,8,zero,,0.003,100,512,,colnorm,Glorot,,logistic,44,"{'batch_size': [20, 100], 'colnorm_thresh': [1e-09, 1e-06, 0.001], 'dist1': ['uniform', 'normal'], 'iseed': [5, 6, 7, 8], 'l2_penalty_choice': ['zero', 'nz'], 'l2_penalty_nz': [1e-06, 0.0001, 0.01], 'lr': [0.001, 0.003, 0.01, 0.03], 'lr_anneal_start': [100, 1000, 5000], 'nhid1': [64, 128, 256, 512], 'pca_energy': [0.7, 0.85, 0.95, 0.99], 'preproc': ['raw', 'colnorm', 'pca'], 'scale_heur1': ['old', 'Glorot'], 'scale_mult1': [0.5, 1.0, 1.5, 2.0], 'squash': ['tanh', 'logistic']}",COMPLETE
45,0.7446935772895813,2025-08-20 00:38:17.230450,2025-08-20 00:42:51.863556,0 days 00:04:34.633106,20,,normal,8,zero,,0.01,5000,64,0.85,pca,Glorot,,tanh,45,"{'batch_size': [20, 100], 'colnorm_thresh': [1e-09, 1e-06, 0.001], 'dist1': ['uniform', 'normal'], 'iseed': [5, 6, 7, 8], 'l2_penalty_choice': ['zero', 'nz'], 'l2_penalty_nz': [1e-06, 0.0001, 0.01], 'lr': [0.001, 0.003, 0.01, 0.03], 'lr_anneal_start': [100, 1000, 5000], 'nhid1': [64, 128, 256, 512], 'pca_energy': [0.7, 0.85, 0.95, 0.99], 'preproc': ['raw', 'colnorm', 'pca'], 'scale_heur1': ['old', 'Glorot'], 'scale_mult1': [0.5, 1.0, 1.5, 2.0], 'squash': ['tanh', 'logistic']}",COMPLETE
46,0.8010482986768087,2025-08-20 00:42:51.871199,2025-08-20 00:46:17.450597,0 days 00:03:25.579398,20,1e-06,normal,8,zero,,0.03,1000,128,,colnorm,old,1.0,tanh,46,"{'batch_size': [20, 100], 'colnorm_thresh': [1e-09, 1e-06, 0.001], 'dist1': ['uniform', 'normal'], 'iseed': [5, 6, 7, 8], 'l2_penalty_choice': ['zero', 'nz'], 'l2_penalty_nz': [1e-06, 0.0001, 0.01], 'lr': [0.001, 0.003, 0.01, 0.03], 'lr_anneal_start': [100, 1000, 5000], 'nhid1': [64, 128, 256, 512], 'pca_energy': [0.7, 0.85, 0.95, 0.99], 'preproc': ['raw', 'colnorm', 'pca'], 'scale_heur1': ['old', 'Glorot'], 'scale_mult1': [0.5, 1.0, 1.5, 2.0], 'squash': ['tanh', 'logistic']}",COMPLETE
47,0.4913869897524516,2025-08-20 00:46:17.451087,2025-08-20 00:50:59.474305,0 days 00:04:42.023218,20,,normal,5,zero,,0.03,100,256,0.99,pca,old,0.5,logistic,47,"{'batch_size': [20, 100], 'colnorm_thresh': [1e-09, 1e-06, 0.001], 'dist1': ['uniform', 'normal'], 'iseed': [5, 6, 7, 8], 'l2_penalty_choice': ['zero', 'nz'], 'l2_penalty_nz': [1e-06, 0.0001, 0.01], 'lr': [0.001, 0.003, 0.01, 0.03], 'lr_anneal_start': [100, 1000, 5000], 'nhid1': [64, 128, 256, 512], 'pca_energy': [0.7, 0.85, 0.95, 0.99], 'preproc': ['raw', 'colnorm', 'pca'], 'scale_heur1': ['old', 'Glorot'], 'scale_mult1': [0.5, 1.0, 1.5, 2.0], 'squash': ['tanh', 'logistic']}",COMPLETE
48,0.7985161344210306,2025-08-20 00:50:59.477641,2025-08-20 00:51:40.515792,0 days 00:00:41.038151,100,,uniform,7,zero,,0.03,5000,64,,raw,old,2.0,tanh,48,"{'batch_size': [20, 100], 'colnorm_thresh': [1e-09, 1e-06, 0.001], 'dist1': ['uniform', 'normal'], 'iseed': [5, 6, 7, 8], 'l2_penalty_choice': ['zero', 'nz'], 'l2_penalty_nz': [1e-06, 0.0001, 0.01], 'lr': [0.001, 0.003, 0.01, 0.03], 'lr_anneal_start': [100, 1000, 5000], 'nhid1': [64, 128, 256, 512], 'pca_energy': [0.7, 0.85, 0.95, 0.99], 'preproc': ['raw', 'colnorm', 'pca'], 'scale_heur1': ['old', 'Glorot'], 'scale_mult1': [0.5, 1.0, 1.5, 2.0], 'squash': ['tanh', 'logistic']}",COMPLETE
49,0.6042741934458414,2025-08-20 00:51:40.516106,2025-08-20 00:56:13.284983,0 days 00:04:32.768877,20,,uniform,8,zero,,0.03,1000,256,0.85,pca,Glorot,,logistic,49,"{'batch_size': [20, 100], 'colnorm_thresh': [1e-09, 1e-06, 0.001], 'dist1': ['uniform', 'normal'], 'iseed': [5, 6, 7, 8], 'l2_penalty_choice': ['zero', 'nz'], 'l2_penalty_nz': [1e-06, 0.0001, 0.01], 'lr': [0.001, 0.003, 0.01, 0.03], 'lr_anneal_start': [100, 1000, 5000], 'nhid1': [64, 128, 256, 512], 'pca_energy': [0.7, 0.85, 0.95, 0.99], 'preproc': ['raw', 'colnorm', 'pca'], 'scale_heur1': ['old', 'Glorot'], 'scale_mult1': [0.5, 1.0, 1.5, 2.0], 'squash': ['tanh', 'logistic']}",COMPLETE
50,0.7454677224159241,2025-08-20 00:56:13.285517,2025-08-20 00:59:39.452965,0 days 00:03:26.167448,20,1e-06,normal,7,zero,,0.01,5000,64,,colnorm,Glorot,,tanh,50,"{'batch_size': [20, 100], 'colnorm_thresh': [1e-09, 1e-06, 0.001], 'dist1': ['uniform', 'normal'], 'iseed': [5, 6, 7, 8], 'l2_penalty_choice': ['zero', 'nz'], 'l2_penalty_nz': [1e-06, 0.0001, 0.01], 'lr': [0.001, 0.003, 0.01, 0.03], 'lr_anneal_start': [100, 1000, 5000], 'nhid1': [64, 128, 256, 512], 'pca_energy': [0.7, 0.85, 0.95, 0.99], 'preproc': ['raw', 'colnorm', 'pca'], 'scale_heur1': ['old', 'Glorot'], 'scale_mult1': [0.5, 1.0, 1.5, 2.0], 'squash': ['tanh', 'logistic']}",COMPLETE
51,0.39195147156715393,2025-08-20 00:59:39.453459,2025-08-20 01:00:22.740794,0 days 00:00:43.287335,100,0.001,uniform,7,zero,,0.003,100,256,,colnorm,Glorot,,tanh,51,"{'batch_size': [20, 100], 'colnorm_thresh': [1e-09, 1e-06, 0.001], 'dist1': ['uniform', 'normal'], 'iseed': [5, 6, 7, 8], 'l2_penalty_choice': ['zero', 'nz'], 'l2_penalty_nz': [1e-06, 0.0001, 0.01], 'lr': [0.001, 0.003, 0.01, 0.03], 'lr_anneal_start': [100, 1000, 5000], 'nhid1': [64, 128, 256, 512], 'pca_energy': [0.7, 0.85, 0.95, 0.99], 'preproc': ['raw', 'colnorm', 'pca'], 'scale_heur1': ['old', 'Glorot'], 'scale_mult1': [0.5, 1.0, 1.5, 2.0], 'squash': ['tanh', 'logistic']}",COMPLETE
52,0.5336290200551351,2025-08-20 01:00:22.741289,2025-08-20 01:04:03.745549,0 days 00:03:41.004260,20,1e-09,uniform,7,nz,0.01,0.01,1000,512,,colnorm,old,1.0,logistic,52,"{'batch_size': [20, 100], 'colnorm_thresh': [1e-09, 1e-06, 0.001], 'dist1': ['uniform', 'normal'], 'iseed': [5, 6, 7, 8], 'l2_penalty_choice': ['zero', 'nz'], 'l2_penalty_nz': [1e-06, 0.0001, 0.01], 'lr': [0.001, 0.003, 0.01, 0.03], 'lr_anneal_start': [100, 1000, 5000], 'nhid1': [64, 128, 256, 512], 'pca_energy': [0.7, 0.85, 0.95, 0.99], 'preproc': ['raw', 'colnorm', 'pca'], 'scale_heur1': ['old', 'Glorot'], 'scale_mult1': [0.5, 1.0, 1.5, 2.0], 'squash': ['tanh', 'logistic']}",COMPLETE
53,0.48298383752504986,2025-08-20 01:04:03.745803,2025-08-20 01:07:39.566817,0 days 00:03:35.821014,20,,normal,5,nz,0.01,0.01,5000,64,,raw,old,1.0,logistic,53,"{'batch_size': [20, 100], 'colnorm_thresh': [1e-09, 1e-06, 0.001], 'dist1': ['uniform', 'normal'], 'iseed': [5, 6, 7, 8], 'l2_penalty_choice': ['zero', 'nz'], 'l2_penalty_nz': [1e-06, 0.0001, 0.01], 'lr': [0.001, 0.003, 0.01, 0.03], 'lr_anneal_start': [100, 1000, 5000], 'nhid1': [64, 128, 256, 512], 'pca_energy': [0.7, 0.85, 0.95, 0.99], 'preproc': ['raw', 'colnorm', 'pca'], 'scale_heur1': ['old', 'Glorot'], 'scale_mult1': [0.5, 1.0, 1.5, 2.0], 'squash': ['tanh', 'logistic']}",COMPLETE
54,0.43180641531944275,2025-08-20 01:07:39.567301,2025-08-20 01:08:21.222406,0 days 00:00:41.655105,100,,normal,6,zero,,0.001,1000,512,,raw,old,0.5,tanh,54,"{'batch_size': [20, 100], 'colnorm_thresh': [1e-09, 1e-06, 0.001], 'dist1': ['uniform', 'normal'], 'iseed': [5, 6, 7, 8], 'l2_penalty_choice': ['zero', 'nz'], 'l2_penalty_nz': [1e-06, 0.0001, 0.01], 'lr': [0.001, 0.003, 0.01, 0.03], 'lr_anneal_start': [100, 1000, 5000], 'nhid1': [64, 128, 256, 512], 'pca_energy': [0.7, 0.85, 0.95, 0.99], 'preproc': ['raw', 'colnorm', 'pca'], 'scale_heur1': ['old', 'Glorot'], 'scale_mult1': [0.5, 1.0, 1.5, 2.0], 'squash': ['tanh', 'logistic']}",COMPLETE
55,0.5168870886166891,2025-08-20 01:08:21.222656,2025-08-20 01:09:05.354232,0 days 00:00:44.131576,100,,normal,7,nz,0.0001,0.03,1000,128,,raw,Glorot,,logistic,55,"{'batch_size': [20, 100], 'colnorm_thresh': [1e-09, 1e-06, 0.001], 'dist1': ['uniform', 'normal'], 'iseed': [5, 6, 7, 8], 'l2_penalty_choice': ['zero', 'nz'], 'l2_penalty_nz': [1e-06, 0.0001, 0.01], 'lr': [0.001, 0.003, 0.01, 0.03], 'lr_anneal_start': [100, 1000, 5000], 'nhid1': [64, 128, 256, 512], 'pca_energy': [0.7, 0.85, 0.95, 0.99], 'preproc': ['raw', 'colnorm', 'pca'], 'scale_heur1': ['old', 'Glorot'], 'scale_mult1': [0.5, 1.0, 1.5, 2.0], 'squash': ['tanh', 'logistic']}",COMPLETE
56,0.5390967925389608,2025-08-20 01:09:05.354719,2025-08-20 01:09:47.993508,0 days 00:00:42.638789,100,1e-06,normal,6,zero,,0.001,5000,512,,colnorm,old,1.5,tanh,56,"{'batch_size': [20, 100], 'colnorm_thresh': [1e-09, 1e-06, 0.001], 'dist1': ['uniform', 'normal'], 'iseed': [5, 6, 7, 8], 'l2_penalty_choice': ['zero', 'nz'], 'l2_penalty_nz': [1e-06, 0.0001, 0.01], 'lr': [0.001, 0.003, 0.01, 0.03], 'lr_anneal_start': [100, 1000, 5000], 'nhid1': [64, 128, 256, 512], 'pca_energy': [0.7, 0.85, 0.95, 0.99], 'preproc': ['raw', 'colnorm', 'pca'], 'scale_heur1': ['old', 'Glorot'], 'scale_mult1': [0.5, 1.0, 1.5, 2.0], 'squash': ['tanh', 'logistic']}",COMPLETE
57,0.13111272702614465,2025-08-20 01:09:47.994029,2025-08-20 01:10:33.637666,0 days 00:00:45.643637,100,1e-06,normal,5,nz,1e-06,0.001,100,128,,colnorm,Glorot,,logistic,57,"{'batch_size': [20, 100], 'colnorm_thresh': [1e-09, 1e-06, 0.001], 'dist1': ['uniform', 'normal'], 'iseed': [5, 6, 7, 8], 'l2_penalty_choice': ['zero', 'nz'], 'l2_penalty_nz': [1e-06, 0.0001, 0.01], 'lr': [0.001, 0.003, 0.01, 0.03], 'lr_anneal_start': [100, 1000, 5000], 'nhid1': [64, 128, 256, 512], 'pca_energy': [0.7, 0.85, 0.95, 0.99], 'preproc': ['raw', 'colnorm', 'pca'], 'scale_heur1': ['old', 'Glorot'], 'scale_mult1': [0.5, 1.0, 1.5, 2.0], 'squash': ['tanh', 'logistic']}",COMPLETE
58,0.4743225773175557,2025-08-20 01:10:33.637924,2025-08-20 01:14:15.905207,0 days 00:03:42.267283,20,1e-06,uniform,5,nz,0.0001,0.001,5000,128,,colnorm,old,1.5,logistic,58,"{'batch_size': [20, 100], 'colnorm_thresh': [1e-09, 1e-06, 0.001], 'dist1': ['uniform', 'normal'], 'iseed': [5, 6, 7, 8], 'l2_penalty_choice': ['zero', 'nz'], 'l2_penalty_nz': [1e-06, 0.0001, 0.01], 'lr': [0.001, 0.003, 0.01, 0.03], 'lr_anneal_start': [100, 1000, 5000], 'nhid1': [64, 128, 256, 512], 'pca_energy': [0.7, 0.85, 0.95, 0.99], 'preproc': ['raw', 'colnorm', 'pca'], 'scale_heur1': ['old', 'Glorot'], 'scale_mult1': [0.5, 1.0, 1.5, 2.0], 'squash': ['tanh', 'logistic']}",COMPLETE
59,0.5860161582628886,2025-08-20 01:14:15.905741,2025-08-20 01:18:54.515729,0 days 00:04:38.609988,20,,normal,7,nz,0.0001,0.003,5000,64,0.95,pca,old,1.5,tanh,59,"{'batch_size': [20, 100], 'colnorm_thresh': [1e-09, 1e-06, 0.001], 'dist1': ['uniform', 'normal'], 'iseed': [5, 6, 7, 8], 'l2_penalty_choice': ['zero', 'nz'], 'l2_penalty_nz': [1e-06, 0.0001, 0.01], 'lr': [0.001, 0.003, 0.01, 0.03], 'lr_anneal_start': [100, 1000, 5000], 'nhid1': [64, 128, 256, 512], 'pca_energy': [0.7, 0.85, 0.95, 0.99], 'preproc': ['raw', 'colnorm', 'pca'], 'scale_heur1': ['old', 'Glorot'], 'scale_mult1': [0.5, 1.0, 1.5, 2.0], 'squash': ['tanh', 'logistic']}",COMPLETE
60,0.5242580970128378,2025-08-20 01:18:54.516236,2025-08-20 01:19:40.643717,0 days 00:00:46.127481,100,1e-06,uniform,5,nz,0.0001,0.003,1000,256,,colnorm,old,1.5,tanh,60,"{'batch_size': [20, 100], 'colnorm_thresh': [1e-09, 1e-06, 0.001], 'dist1': ['uniform', 'normal'], 'iseed': [5, 6, 7, 8], 'l2_penalty_choice': ['zero', 'nz'], 'l2_penalty_nz': [1e-06, 0.0001, 0.01], 'lr': [0.001, 0.003, 0.01, 0.03], 'lr_anneal_start': [100, 1000, 5000], 'nhid1': [64, 128, 256, 512], 'pca_energy': [0.7, 0.85, 0.95, 0.99], 'preproc': ['raw', 'colnorm', 'pca'], 'scale_heur1': ['old', 'Glorot'], 'scale_mult1': [0.5, 1.0, 1.5, 2.0], 'squash': ['tanh', 'logistic']}",COMPLETE
61,0.4059836169083913,2025-08-20 01:19:40.643988,2025-08-20 01:23:04.876133,0 days 00:03:24.232145,20,,uniform,5,zero,,0.03,100,256,,raw,Glorot,,logistic,61,"{'batch_size': [20, 100], 'colnorm_thresh': [1e-09, 1e-06, 0.001], 'dist1': ['uniform', 'normal'], 'iseed': [5, 6, 7, 8], 'l2_penalty_choice': ['zero', 'nz'], 'l2_penalty_nz': [1e-06, 0.0001, 0.01], 'lr': [0.001, 0.003, 0.01, 0.03], 'lr_anneal_start': [100, 1000, 5000], 'nhid1': [64, 128, 256, 512], 'pca_energy': [0.7, 0.85, 0.95, 0.99], 'preproc': ['raw', 'colnorm', 'pca'], 'scale_heur1': ['old', 'Glorot'], 'scale_mult1': [0.5, 1.0, 1.5, 2.0], 'squash': ['tanh', 'logistic']}",COMPLETE
62,0.8250322143236796,2025-08-20 01:23:04.876653,2025-08-20 01:23:49.538904,0 days 00:00:44.662251,100,,normal,7,nz,1e-06,0.03,5000,128,,raw,Glorot,,tanh,62,"{'batch_size': [20, 100], 'colnorm_thresh': [1e-09, 1e-06, 0.001], 'dist1': ['uniform', 'normal'], 'iseed': [5, 6, 7, 8], 'l2_penalty_choice': ['zero', 'nz'], 'l2_penalty_nz': [1e-06, 0.0001, 0.01], 'lr': [0.001, 0.003, 0.01, 0.03], 'lr_anneal_start': [100, 1000, 5000], 'nhid1': [64, 128, 256, 512], 'pca_energy': [0.7, 0.85, 0.95, 0.99], 'preproc': ['raw', 'colnorm', 'pca'], 'scale_heur1': ['old', 'Glorot'], 'scale_mult1': [0.5, 1.0, 1.5, 2.0], 'squash': ['tanh', 'logistic']}",COMPLETE
63,0.12098391602436702,2025-08-20 01:23:49.539417,2025-08-20 01:27:16.766470,0 days 00:03:27.227053,20,,uniform,5,zero,,0.001,1000,64,,raw,old,1.5,logistic,63,"{'batch_size': [20, 100], 'colnorm_thresh': [1e-09, 1e-06, 0.001], 'dist1': ['uniform', 'normal'], 'iseed': [5, 6, 7, 8], 'l2_penalty_choice': ['zero', 'nz'], 'l2_penalty_nz': [1e-06, 0.0001, 0.01], 'lr': [0.001, 0.003, 0.01, 0.03], 'lr_anneal_start': [100, 1000, 5000], 'nhid1': [64, 128, 256, 512], 'pca_energy': [0.7, 0.85, 0.95, 0.99], 'preproc': ['raw', 'colnorm', 'pca'], 'scale_heur1': ['old', 'Glorot'], 'scale_mult1': [0.5, 1.0, 1.5, 2.0], 'squash': ['tanh', 'logistic']}",COMPLETE
64,0.565854807694753,2025-08-20 01:27:16.772059,2025-08-20 01:28:03.497163,0 days 00:00:46.725104,100,1e-06,uniform,6,nz,1e-06,0.01,5000,256,,colnorm,old,2.0,logistic,64,"{'batch_size': [20, 100], 'colnorm_thresh': [1e-09, 1e-06, 0.001], 'dist1': ['uniform', 'normal'], 'iseed': [5, 6, 7, 8], 'l2_penalty_choice': ['zero', 'nz'], 'l2_penalty_nz': [1e-06, 0.0001, 0.01], 'lr': [0.001, 0.003, 0.01, 0.03], 'lr_anneal_start': [100, 1000, 5000], 'nhid1': [64, 128, 256, 512], 'pca_energy': [0.7, 0.85, 0.95, 0.99], 'preproc': ['raw', 'colnorm', 'pca'], 'scale_heur1': ['old', 'Glorot'], 'scale_mult1': [0.5, 1.0, 1.5, 2.0], 'squash': ['tanh', 'logistic']}",COMPLETE
65,0.5265644788742065,2025-08-20 01:28:03.497628,2025-08-20 01:31:33.197927,0 days 00:03:29.700299,20,1e-09,uniform,8,zero,,0.003,1000,128,,colnorm,Glorot,,tanh,65,"{'batch_size': [20, 100], 'colnorm_thresh': [1e-09, 1e-06, 0.001], 'dist1': ['uniform', 'normal'], 'iseed': [5, 6, 7, 8], 'l2_penalty_choice': ['zero', 'nz'], 'l2_penalty_nz': [1e-06, 0.0001, 0.01], 'lr': [0.001, 0.003, 0.01, 0.03], 'lr_anneal_start': [100, 1000, 5000], 'nhid1': [64, 128, 256, 512], 'pca_energy': [0.7, 0.85, 0.95, 0.99], 'preproc': ['raw', 'colnorm', 'pca'], 'scale_heur1': ['old', 'Glorot'], 'scale_mult1': [0.5, 1.0, 1.5, 2.0], 'squash': ['tanh', 'logistic']}",COMPLETE
66,0.5430484016736349,2025-08-20 01:31:33.198609,2025-08-20 01:36:19.304424,0 days 00:04:46.105815,20,,normal,7,nz,0.01,0.01,1000,256,0.7,pca,old,1.5,logistic,66,"{'batch_size': [20, 100], 'colnorm_thresh': [1e-09, 1e-06, 0.001], 'dist1': ['uniform', 'normal'], 'iseed': [5, 6, 7, 8], 'l2_penalty_choice': ['zero', 'nz'], 'l2_penalty_nz': [1e-06, 0.0001, 0.01], 'lr': [0.001, 0.003, 0.01, 0.03], 'lr_anneal_start': [100, 1000, 5000], 'nhid1': [64, 128, 256, 512], 'pca_energy': [0.7, 0.85, 0.95, 0.99], 'preproc': ['raw', 'colnorm', 'pca'], 'scale_heur1': ['old', 'Glorot'], 'scale_mult1': [0.5, 1.0, 1.5, 2.0], 'squash': ['tanh', 'logistic']}",COMPLETE
67,0.5471612413724264,2025-08-20 01:36:19.305079,2025-08-20 01:39:59.998239,0 days 00:03:40.693160,20,,uniform,5,nz,0.0001,0.003,5000,128,,raw,Glorot,,tanh,67,"{'batch_size': [20, 100], 'colnorm_thresh': [1e-09, 1e-06, 0.001], 'dist1': ['uniform', 'normal'], 'iseed': [5, 6, 7, 8], 'l2_penalty_choice': ['zero', 'nz'], 'l2_penalty_nz': [1e-06, 0.0001, 0.01], 'lr': [0.001, 0.003, 0.01, 0.03], 'lr_anneal_start': [100, 1000, 5000], 'nhid1': [64, 128, 256, 512], 'pca_energy': [0.7, 0.85, 0.95, 0.99], 'preproc': ['raw', 'colnorm', 'pca'], 'scale_heur1': ['old', 'Glorot'], 'scale_mult1': [0.5, 1.0, 1.5, 2.0], 'squash': ['tanh', 'logistic']}",COMPLETE
68,0.4206288655598958,2025-08-20 01:39:59.999281,2025-08-20 01:40:42.970464,0 days 00:00:42.971183,100,0.001,uniform,6,zero,,0.01,100,64,,colnorm,old,1.5,tanh,68,"{'batch_size': [20, 100], 'colnorm_thresh': [1e-09, 1e-06, 0.001], 'dist1': ['uniform', 'normal'], 'iseed': [5, 6, 7, 8], 'l2_penalty_choice': ['zero', 'nz'], 'l2_penalty_nz': [1e-06, 0.0001, 0.01], 'lr': [0.001, 0.003, 0.01, 0.03], 'lr_anneal_start': [100, 1000, 5000], 'nhid1': [64, 128, 256, 512], 'pca_energy': [0.7, 0.85, 0.95, 0.99], 'preproc': ['raw', 'colnorm', 'pca'], 'scale_heur1': ['old', 'Glorot'], 'scale_mult1': [0.5, 1.0, 1.5, 2.0], 'squash': ['tanh', 'logistic']}",COMPLETE
69,0.42435487111409503,2025-08-20 01:40:42.970905,2025-08-20 01:45:13.825992,0 days 00:04:30.855087,20,,normal,7,zero,,0.001,100,512,0.85,pca,old,2.0,tanh,69,"{'batch_size': [20, 100], 'colnorm_thresh': [1e-09, 1e-06, 0.001], 'dist1': ['uniform', 'normal'], 'iseed': [5, 6, 7, 8], 'l2_penalty_choice': ['zero', 'nz'], 'l2_penalty_nz': [1e-06, 0.0001, 0.01], 'lr': [0.001, 0.003, 0.01, 0.03], 'lr_anneal_start': [100, 1000, 5000], 'nhid1': [64, 128, 256, 512], 'pca_energy': [0.7, 0.85, 0.95, 0.99], 'preproc': ['raw', 'colnorm', 'pca'], 'scale_heur1': ['old', 'Glorot'], 'scale_mult1': [0.5, 1.0, 1.5, 2.0], 'squash': ['tanh', 'logistic']}",COMPLETE
70,0.7133708993593851,2025-08-20 01:45:13.826534,2025-08-20 01:46:00.213728,0 days 00:00:46.387194,100,1e-06,normal,7,nz,0.0001,0.03,5000,512,,colnorm,Glorot,,logistic,70,"{'batch_size': [20, 100], 'colnorm_thresh': [1e-09, 1e-06, 0.001], 'dist1': ['uniform', 'normal'], 'iseed': [5, 6, 7, 8], 'l2_penalty_choice': ['zero', 'nz'], 'l2_penalty_nz': [1e-06, 0.0001, 0.01], 'lr': [0.001, 0.003, 0.01, 0.03], 'lr_anneal_start': [100, 1000, 5000], 'nhid1': [64, 128, 256, 512], 'pca_energy': [0.7, 0.85, 0.95, 0.99], 'preproc': ['raw', 'colnorm', 'pca'], 'scale_heur1': ['old', 'Glorot'], 'scale_mult1': [0.5, 1.0, 1.5, 2.0], 'squash': ['tanh', 'logistic']}",COMPLETE
71,0.16251662373542786,2025-08-20 01:46:00.214222,2025-08-20 01:46:46.210158,0 days 00:00:45.995936,100,0.001,uniform,8,zero,,0.001,100,128,,colnorm,Glorot,,logistic,71,"{'batch_size': [20, 100], 'colnorm_thresh': [1e-09, 1e-06, 0.001], 'dist1': ['uniform', 'normal'], 'iseed': [5, 6, 7, 8], 'l2_penalty_choice': ['zero', 'nz'], 'l2_penalty_nz': [1e-06, 0.0001, 0.01], 'lr': [0.001, 0.003, 0.01, 0.03], 'lr_anneal_start': [100, 1000, 5000], 'nhid1': [64, 128, 256, 512], 'pca_energy': [0.7, 0.85, 0.95, 0.99], 'preproc': ['raw', 'colnorm', 'pca'], 'scale_heur1': ['old', 'Glorot'], 'scale_mult1': [0.5, 1.0, 1.5, 2.0], 'squash': ['tanh', 'logistic']}",COMPLETE
72,0.5320644974708557,2025-08-20 01:46:46.211171,2025-08-20 01:50:28.534446,0 days 00:03:42.323275,20,,normal,6,nz,0.01,0.003,5000,128,,raw,Glorot,,tanh,72,"{'batch_size': [20, 100], 'colnorm_thresh': [1e-09, 1e-06, 0.001], 'dist1': ['uniform', 'normal'], 'iseed': [5, 6, 7, 8], 'l2_penalty_choice': ['zero', 'nz'], 'l2_penalty_nz': [1e-06, 0.0001, 0.01], 'lr': [0.001, 0.003, 0.01, 0.03], 'lr_anneal_start': [100, 1000, 5000], 'nhid1': [64, 128, 256, 512], 'pca_energy': [0.7, 0.85, 0.95, 0.99], 'preproc': ['raw', 'colnorm', 'pca'], 'scale_heur1': ['old', 'Glorot'], 'scale_mult1': [0.5, 1.0, 1.5, 2.0], 'squash': ['tanh', 'logistic']}",COMPLETE
73,0.29114508628845215,2025-08-20 01:50:28.538574,2025-08-20 01:54:14.372504,0 days 00:03:45.833930,20,0.001,normal,7,nz,0.0001,0.003,100,256,,colnorm,Glorot,,logistic,73,"{'batch_size': [20, 100], 'colnorm_thresh': [1e-09, 1e-06, 0.001], 'dist1': ['uniform', 'normal'], 'iseed': [5, 6, 7, 8], 'l2_penalty_choice': ['zero', 'nz'], 'l2_penalty_nz': [1e-06, 0.0001, 0.01], 'lr': [0.001, 0.003, 0.01, 0.03], 'lr_anneal_start': [100, 1000, 5000], 'nhid1': [64, 128, 256, 512], 'pca_energy': [0.7, 0.85, 0.95, 0.99], 'preproc': ['raw', 'colnorm', 'pca'], 'scale_heur1': ['old', 'Glorot'], 'scale_mult1': [0.5, 1.0, 1.5, 2.0], 'squash': ['tanh', 'logistic']}",COMPLETE
74,0.405016154050827,2025-08-20 01:54:14.373010,2025-08-20 01:59:07.782432,0 days 00:04:53.409422,20,,normal,5,nz,0.01,0.001,100,512,0.99,pca,old,2.0,tanh,74,"{'batch_size': [20, 100], 'colnorm_thresh': [1e-09, 1e-06, 0.001], 'dist1': ['uniform', 'normal'], 'iseed': [5, 6, 7, 8], 'l2_penalty_choice': ['zero', 'nz'], 'l2_penalty_nz': [1e-06, 0.0001, 0.01], 'lr': [0.001, 0.003, 0.01, 0.03], 'lr_anneal_start': [100, 1000, 5000], 'nhid1': [64, 128, 256, 512], 'pca_energy': [0.7, 0.85, 0.95, 0.99], 'preproc': ['raw', 'colnorm', 'pca'], 'scale_heur1': ['old', 'Glorot'], 'scale_mult1': [0.5, 1.0, 1.5, 2.0], 'squash': ['tanh', 'logistic']}",COMPLETE
75,0.5370645125706991,2025-08-20 01:59:07.786613,2025-08-20 02:03:47.049559,0 days 00:04:39.262946,20,,uniform,8,zero,,0.01,1000,128,0.7,pca,old,1.0,logistic,75,"{'batch_size': [20, 100], 'colnorm_thresh': [1e-09, 1e-06, 0.001], 'dist1': ['uniform', 'normal'], 'iseed': [5, 6, 7, 8], 'l2_penalty_choice': ['zero', 'nz'], 'l2_penalty_nz': [1e-06, 0.0001, 0.01], 'lr': [0.001, 0.003, 0.01, 0.03], 'lr_anneal_start': [100, 1000, 5000], 'nhid1': [64, 128, 256, 512], 'pca_energy': [0.7, 0.85, 0.95, 0.99], 'preproc': ['raw', 'colnorm', 'pca'], 'scale_heur1': ['old', 'Glorot'], 'scale_mult1': [0.5, 1.0, 1.5, 2.0], 'squash': ['tanh', 'logistic']}",COMPLETE
76,0.42306460936864215,2025-08-20 02:03:47.050723,2025-08-20 02:05:35.391339,0 days 00:01:48.340616,100,,uniform,7,nz,0.01,0.001,1000,128,0.95,pca,Glorot,,tanh,76,"{'batch_size': [20, 100], 'colnorm_thresh': [1e-09, 1e-06, 0.001], 'dist1': ['uniform', 'normal'], 'iseed': [5, 6, 7, 8], 'l2_penalty_choice': ['zero', 'nz'], 'l2_penalty_nz': [1e-06, 0.0001, 0.01], 'lr': [0.001, 0.003, 0.01, 0.03], 'lr_anneal_start': [100, 1000, 5000], 'nhid1': [64, 128, 256, 512], 'pca_energy': [0.7, 0.85, 0.95, 0.99], 'preproc': ['raw', 'colnorm', 'pca'], 'scale_heur1': ['old', 'Glorot'], 'scale_mult1': [0.5, 1.0, 1.5, 2.0], 'squash': ['tanh', 'logistic']}",COMPLETE
77,0.16603223979473114,2025-08-20 02:05:35.392215,2025-08-20 02:09:18.495012,0 days 00:03:43.102797,20,,uniform,7,nz,0.0001,0.003,100,256,,raw,Glorot,,logistic,77,"{'batch_size': [20, 100], 'colnorm_thresh': [1e-09, 1e-06, 0.001], 'dist1': ['uniform', 'normal'], 'iseed': [5, 6, 7, 8], 'l2_penalty_choice': ['zero', 'nz'], 'l2_penalty_nz': [1e-06, 0.0001, 0.01], 'lr': [0.001, 0.003, 0.01, 0.03], 'lr_anneal_start': [100, 1000, 5000], 'nhid1': [64, 128, 256, 512], 'pca_energy': [0.7, 0.85, 0.95, 0.99], 'preproc': ['raw', 'colnorm', 'pca'], 'scale_heur1': ['old', 'Glorot'], 'scale_mult1': [0.5, 1.0, 1.5, 2.0], 'squash': ['tanh', 'logistic']}",COMPLETE
78,0.4642580946286519,2025-08-20 02:09:18.495583,2025-08-20 02:12:48.060072,0 days 00:03:29.564489,20,,uniform,6,zero,,0.003,1000,64,,raw,old,1.0,tanh,78,"{'batch_size': [20, 100], 'colnorm_thresh': [1e-09, 1e-06, 0.001], 'dist1': ['uniform', 'normal'], 'iseed': [5, 6, 7, 8], 'l2_penalty_choice': ['zero', 'nz'], 'l2_penalty_nz': [1e-06, 0.0001, 0.01], 'lr': [0.001, 0.003, 0.01, 0.03], 'lr_anneal_start': [100, 1000, 5000], 'nhid1': [64, 128, 256, 512], 'pca_energy': [0.7, 0.85, 0.95, 0.99], 'preproc': ['raw', 'colnorm', 'pca'], 'scale_heur1': ['old', 'Glorot'], 'scale_mult1': [0.5, 1.0, 1.5, 2.0], 'squash': ['tanh', 'logistic']}",COMPLETE
79,0.5023225347201029,2025-08-20 02:12:48.061537,2025-08-20 02:13:32.016859,0 days 00:00:43.955322,100,1e-09,uniform,7,zero,,0.01,1000,64,,colnorm,Glorot,,logistic,79,"{'batch_size': [20, 100], 'colnorm_thresh': [1e-09, 1e-06, 0.001], 'dist1': ['uniform', 'normal'], 'iseed': [5, 6, 7, 8], 'l2_penalty_choice': ['zero', 'nz'], 'l2_penalty_nz': [1e-06, 0.0001, 0.01], 'lr': [0.001, 0.003, 0.01, 0.03], 'lr_anneal_start': [100, 1000, 5000], 'nhid1': [64, 128, 256, 512], 'pca_energy': [0.7, 0.85, 0.95, 0.99], 'preproc': ['raw', 'colnorm', 'pca'], 'scale_heur1': ['old', 'Glorot'], 'scale_mult1': [0.5, 1.0, 1.5, 2.0], 'squash': ['tanh', 'logistic']}",COMPLETE
